galaxy_name,n_data_points,f_disk,f_disk_error,rho_c_Msun_kpc3,rho_c_error,r_c_kpc,r_c_error,chi_squared,chi_squared_reduced,degrees_of_freedom,soliton_mass_5rc_Msun,virial_mass_estimate_Msun,virial_radius_estimate_kpc,used_phonon_term,error_floor_fraction
CamB,9,0.10000000000000002,1.3275777112052871,5171406.645882315,5379398.922998988,49.99999996524812,31350.667835631968,2.5744725535524218,0.42907875892540365,6,29459687164472.68,144942150.25265777,10.83807651497775,True,0.05
D564-8,6,0.10000000000000002,20.562537573598746,15500655.419413906,40258427.0127071,1.1270403332221246,1.8288281410234934,0.10656643859585684,0.035522146198618945,3,1011295014.9269303,455473578.62871736,15.874804143043528,True,0.05
D631-7,16,0.10000000000000002,1.4025908444141695,11198961.183692008,2926319.1828022716,3.574046812822785,0.9392768681189888,3.457256954905226,0.2659428426850174,13,23300641531.281322,6252396864.210399,38.010433702173536,True,0.05
DDO064,14,0.10000000000000131,28.2282080527057,60613389.102137074,166561384.87434644,1.1186662601971984,1.5440196816785268,3.5799262404856265,0.32544784004414784,11,3867048472.483027,1891098713.7241716,25.51479279837244,True,0.05
DDO154,12,0.5299959763844785,0.3642371726166689,27231108.265919898,7437055.285369918,1.4579554115892324,0.2787141199002898,2.6602029896557897,0.29557810996175443,9,3845983997.881386,3248233234.8901877,30.556460608645654,True,0.05
DDO161,31,0.8224116338135691,0.1259821947603767,4517730.934046848,1130227.932918525,5.388469571954844,1.1154723858161224,3.8285707962855904,0.13673467129591393,28,32212623419.007896,14282261015.038338,50.05947623653256,True,0.05
DDO168,10,0.10000000000000005,6.77441123880595,25473861.65954984,16478232.437979009,2.2384651840982435,1.1403541475173302,9.523132621398121,1.3604475173425887,7,13021327059.716082,3253458791.5806746,30.57283761087495,True,0.05
DDO170,8,0.10000000000000002,30.224505838242997,18431115.09691751,63803778.49046517,2.030940390315713,3.5278651630729736,1.401014224115109,0.28020284482302177,5,7036433226.298253,10832317242.614231,45.652136060591516,True,0.05
ESO079-G014,15,0.6024522972977744,0.21386819846792313,30111295.119595524,12326401.342614913,5.186815057724691,1.0288724825309772,6.926295020569164,0.577191251714097,12,191487819447.0294,130751012326.48322,104.72145462357628,True,0.05
ESO116-G012,15,0.900530409588562,0.16861588556429605,34013299.23050051,24681513.848668925,2.9852859013782544,1.3952116371200163,5.247977552921464,0.4373314627434553,12,41239745732.050224,29641473550.404396,63.853872782178364,True,0.05
ESO444-G084,7,1.8006462817231137,0.3668102955769734,57135461.304231,34071657.765416756,1.4613619545908298,0.6800475964812176,0.596863075560203,0.14921576889005075,4,8126219658.361725,4459777008.07419,33.96187773656889,True,0.05
ESO563-G021,30,0.3113883468932544,0.14191140408992003,110011858.18417457,20470063.714546114,4.61683952536714,0.39365294104967463,73.20662942921732,2.711356645526567,27,493381962146.14545,1122314493956.4207,214.41681303534716,True,0.05
F561-1,6,0.10000000000000002,6.7530710302628885,37637480.62512087,51348977.74097948,1.0799797330479273,0.9863568553476538,0.9306152567939672,0.31020508559798904,3,2160612036.0216646,6437297203.0390005,38.381490225240256,True,0.05
F563-1,17,0.10000000004596815,47.481903197821815,59794455.78735642,189884011.84130263,2.0587507205353237,3.0453637740369968,7.24741782938511,0.5176727020989365,14,23778345850.498688,60243652792.733246,80.88309198789905,True,0.05
F563-V1,6,0.9382937404636349,0.9315203173433872,17481773.19193872,2324702509.674952,0.22005876926262238,17.503882391003366,0.763148240449895,0.2543827468166317,3,8490063.724485673,1701416694.966343,24.631500903857592,True,0.05
F563-V2,10,1.9803297968561533,8.137057521688353,21403433.185066864,813174627.0899135,3.118535788936891,65.82105544459104,0.6663276074171326,0.09518965820244751,7,29583194445.093445,34373088317.28948,67.08521728117896,True,0.05
F565-V2,7,0.10000000000000552,52.9347940455938,20225026.896911096,48119407.9499029,3.209441255101471,4.126014387792067,0.22093597753225422,0.055233994383063555,4,30471008605.895157,14289112628.128773,50.0674799489659,True,0.05
F567-2,5,1.121500039661526,5.399427839053826,4441449.945669271,186083780.79157954,2.5388339462667244,47.647221958978776,0.8252078897550335,0.4126039448775167,2,3312356641.2742815,6623120952.407301,38.747308587684785,True,0.05
F568-1,12,0.10000000000016405,19.618282851406562,88986899.02557452,124203417.58540322,2.2206834678351823,1.209054633193238,0.9562593568154055,0.10625103964615618,9,44411503973.235176,62748873628.65713,81.98906949600658,True,0.05
F568-3,18,0.10000000000000131,13.104014368373603,25541479.32982465,44558158.853845805,3.5831503301632033,2.6931824950597893,10.766267160770331,0.7177511440513554,15,53548901310.09326,60262468830.513336,80.89151191168887,True,0.05
F568-V1,15,1.5477400272690833,1.0521260474721348,59051157.79207181,131676913.26788037,1.88148708797509,1.752814865514881,0.8522462633449934,0.07102052194541612,12,17924273960.89236,55166637529.16541,78.54396431405604,True,0.05
F571-8,13,0.3609433677131829,0.05965553980260501,44540716.19792053,11152057.097974557,3.625679253112118,0.6790857983474607,2.511832533084183,0.2511832533084183,10,96746390245.97327,80527513413.8362,89.09816144280538,True,0.05
F571-V1,7,0.7269228372487171,4.165329323656575,16207888.209021328,79671366.69827673,3.19701168266942,8.341167097249796,0.2911031428584491,0.07277578571461228,4,24136179767.881657,23174844859.948544,58.824682429084305,True,0.05
F574-1,14,0.10000000000000045,12.976404010395457,72237304.25952135,120315297.17260326,1.7692927283347477,1.017811087505442,1.6601241335049695,0.15092037577317904,11,18233499851.84537,31322738524.387737,65.03900488354458,True,0.05
F574-2,5,0.10000000000000103,12.617594271419925,2060110.9783617323,16474106.017850278,3.6278878974067137,11.373312855977227,0.09960633087634513,0.049803165438172564,2,4482926539.462581,4179433085.8004355,33.23480269980695,True,0.05
F583-1,25,0.2997888107842488,2.5802193293221865,26509928.591145862,15440125.201123934,2.5650427563581086,0.7759915411954016,5.694164560432174,0.2588256618378261,22,20389276406.17214,33700601436.839245,66.64484004689803,True,0.05
F583-4,12,0.1000000000000717,11.541816328042248,75535169.10985045,110105499.06866165,1.132925660498093,0.4183415077552526,1.8320498399475214,0.20356109332750238,9,5005677615.52099,7347763495.070431,40.11182012786721,True,0.05
IC2574,34,0.7976019434225878,0.13628359659079353,3851926.072808215,944362.4936684538,6.444130304558498,1.6186268900903116,14.194087147452162,0.45787377895006975,31,46976462910.44789,10123070631.302006,44.6332044734352,True,0.05
IC4202,32,0.10000000000000003,0.1856820581525173,219696641.48529556,40303448.41965794,2.574087715677512,0.2475993178326425,59.06080465836034,2.0365794709779426,29,170766577087.03854,428332167083.9588,155.53001346200375,True,0.05
KK98-251,15,0.10000000000001544,22.636434880437502,12530721.154896729,22041179.55658357,2.017683771445225,2.127300318668343,2.2737671335897414,0.18948059446581178,12,4690777117.330703,937089905.9201319,20.190530623331053,True,0.05
NGC0024,29,1.4391336755158788,0.04195339325552923,6944895.599285847,4576863.495681142,8.825268709871294,7.518396096117379,7.36143331347235,0.2831320505181673,26,217549937861.83792,32037040198.011353,65.52968920024038,True,0.05
NGC0055,21,0.3898479206321945,0.4878200758837839,15794754.518911988,7741396.184943373,3.338254527338862,0.8918131237417134,2.0441285860650824,0.11356269922583791,18,26778154928.748955,24696835698.61739,60.08523308838917,True,0.05
NGC0100,21,0.5270320904938932,1.3889475753575649,35827978.63324898,92574847.1702429,2.3499677933980436,3.333408692866898,0.8595004714432358,0.04775002619129088,18,21189341808.244694,18186949646.779198,54.25926846710236,True,0.05
NGC0247,26,0.10000000000054328,6.593573227983928,67088223.95393773,39761269.652569786,1.7000055328261179,0.15007477190534207,11.99104245467055,0.5213496719421978,23,15021272638.838442,33090926629.900734,66.2405031073356,True,0.05
NGC0289,28,0.7779283546598327,0.09824246535162579,23798870.837194256,31358248.38892998,4.366233022831229,3.0349324962831936,14.474276308440253,0.5789710523376101,25,90278952497.32138,458820991676.93524,159.13598838247597,True,0.05
NGC0300,25,0.4984906193432487,1.0779365938612508,69543951.1278303,91815518.48567288,1.6443236344573797,1.0389568815962305,4.402826074008981,0.20012845790949915,22,14090638988.50311,24457998115.722965,59.89091504307931,True,0.05
NGC0801,13,0.767426388442976,0.026038454712497893,8100964.132689874,8975304.081187448,8.394978173507319,5.420449299659279,19.581267003527085,1.9581267003527085,10,218426261548.8829,610230455779.7567,175.00559725159877,True,0.05
NGC0891,18,0.6043013218568213,0.04298131165079556,50941344.240352094,47860426.45885709,4.045719718364739,2.3198877972259835,21.721243952864207,1.448082930190947,15,153733037040.19815,185930886971.55283,117.76181568629607,True,0.05
NGC1003,36,0.8425169749345527,0.06578117060678243,9543473.417703118,3163485.281844078,5.2773873673685445,1.0723983035946765,13.804073871587372,0.41830526883598096,33,63925306206.63327,91121247940.88937,92.84543010247553,True,0.05
NGC1090,24,0.6328974336212284,0.12246882897202437,67875758.68393269,69470638.44277392,2.481261946685185,1.2208436882901272,11.259398668548446,0.5361618413594498,21,47254369378.47678,189470166012.31638,118.50434057853157,True,0.05
NGC1705,14,1.3350229063242371,0.23276041284831855,134106127.1491817,185465165.23120698,0.8722497698648997,0.701490311240375,0.7816540728379583,0.07105946116708711,11,4055838381.0715814,7322990104.390697,40.06668963039899,True,0.05
NGC2366,26,0.10000000000000603,4.391258915346678,39940807.55073533,44369339.20713801,1.2215964489204238,0.806894334326582,9.648868214990232,0.4195160093474014,23,3318253458.055148,4251964000.2501917,33.425956145547346,True,0.05
NGC2403,73,0.9142986656250981,0.014958647573420218,16823892.70232549,3105644.0223682136,5.039315853026884,0.6542565456631094,40.70564847999875,0.5815092639999822,70,98118445433.21576,92245176342.46658,93.22560302253065,True,0.05
NGC2683,11,0.8062021251832232,0.5123407177673469,66012599.99460019,960034016.9411138,2.2925499453510145,17.05739581233125,3.9535792956987903,0.4941974119623488,8,36248720841.005135,191111067136.66293,118.84545890328606,True,0.05
NGC2841,50,1.0385502864551992,0.03051110994285331,16798880.784656163,8632931.639866196,9.221825120502691,2.775726320947716,6.0495798201173825,0.12871446425781666,47,600399641050.4207,1181629092522.4836,218.12948355305707,True,0.05
NGC2903,34,0.4021207174817634,0.048089127169106245,1011687308.1652673,477713946.437158,0.8000772473147845,0.1861645501091416,96.90311515707592,3.125906940550836,31,23613017627.054543,212050339149.37332,123.03640601190456,True,0.05
NGC2915,30,0.10000000000000002,1.5353865034736482,231243357.5654503,166751922.7822233,0.7977464841001617,0.31529188064335467,10.096374395157465,0.37393979241323944,27,5350241581.85147,17297643831.95046,53.360058405423445,True,0.05
NGC2955,24,0.8155997222768032,0.019333702471450387,4616142.651147,4160296.1915487763,14.534056118260338,10.68569827963515,28.20120075076659,1.3429143214650756,21,645876002767.1718,491609768548.37994,162.83989515596505,True,0.05
NGC2976,27,0.6008495921511284,0.2050183294420604,102850159.04730643,56413187.28563409,1.7549612202765106,0.5919531835260904,4.783984337709388,0.19933268073789115,24,25334770217.994038,4164394249.6771955,33.194891908576494,True,0.05
NGC2998,13,1.0013706526766875,0.04276543862460406,1499980.7410519742,1237090.1508417188,28.89994585488495,25.896118481105145,15.290871489206397,1.5290871489206397,10,1650008569015.7087,431362442066.31396,155.89592235034596,True,0.05
NGC3109,25,0.8616935825012871,1.615806568526064,18132109.402905885,12632494.660974056,2.968024981440444,1.4717720395457095,2.711679025229568,0.1232581375104349,22,21605305728.190495,6900209199.740895,39.28029421390495,True,0.05
NGC3198,43,0.696978980896199,0.06958720048525746,55263421.66760316,22290370.129598033,2.612717855412984,0.5206683191691702,6.65509732889709,0.16637743322242723,40,44918447781.24682,232610999980.35254,126.89097338043611,True,0.05
NGC3521,41,0.7596198830165355,0.01585892210445429,16186236.641612614,9360997.543136286,8.587185750617289,4.514884517834512,2.9551938445837704,0.07776825906799396,38,467097869814.17365,180880672940.7648,116.68580708546348,True,0.05
NGC3726,12,0.7730356132989883,0.04131361707680011,2637715.7478817604,1597222.0631564534,19.744367792839054,12.66500446131733,5.711479011373046,0.6346087790414496,9,925267096904.3724,214938443998.95206,123.59247035345436,True,0.05
NGC3741,21,1.1974041507224047,0.13542194273289387,19618084.445687234,3464509.3749613576,1.8759183345718267,0.2639664452946584,5.827641074606845,0.32375783747815806,18,5902116983.135928,4272229697.1329956,33.47897689299393,True,0.05
NGC3769,12,0.4873344743783137,0.7989517412055118,143022955.02423355,869473973.9838524,1.3293844735848368,4.071781322937661,2.4024672537236302,0.26694080596929226,9,15313236247.909939,124644923776.53482,103.06523034409344,True,0.05
NGC3877,13,0.10000000000000002,0.6360628278823715,217329259.26506126,68463979.45704322,1.8462163762078774,0.26427264202396733,8.041242591300449,0.8041242591300449,10,62326885545.73616,84800096366.70651,90.64685928979482,True,0.05
NGC3893,10,0.6343584454415557,0.5771919245059575,164246148.26453415,1192285448.74188,1.7855744191884602,6.6026230575614795,1.5696804506822803,0.22424006438318292,7,42612644743.036865,142143504314.4453,107.67866241846394,True,0.05
NGC3917,17,0.5950077405791377,0.2323780735517818,48813837.755959004,20412022.96528889,2.912192942437237,0.47801291536473534,11.374246878771125,0.8124462056265089,14,54943056773.58356,69486450836.42693,84.82437909742387,True,0.05
NGC3949,7,0.7290474901457982,0.0658166869860873,14967529.636258524,23837295.473824386,49.99999999999996,3922.077881430952,0.6592661986770508,0.1648165496692627,4,85264759053448.05,46512391240.72229,74.20107580415302,True,0.05
NGC3953,8,0.7099259491769292,0.3161119197192217,237454140.6465542,607174953.4849385,1.3854478950762588,1.2450066619944427,0.42986912617970674,0.08597382523594135,5,28777944318.708145,171101963009.14127,114.54399078635893,True,0.05
NGC3972,10,0.10000000000000002,2.1251722452489425,136198033.20408165,70867367.45241235,1.7830796943862164,0.34775251405959834,0.566366288724581,0.08090946981779727,7,35187833508.43872,36172768552.234825,68.23615745012927,True,0.05
NGC3992,9,0.7720576355892979,0.16525032418412158,353331471.7702431,1199548976.5035217,1.4860761560882778,2.4890857246454923,0.5821426590657125,0.09702377651095208,6,52846344300.4866,596150424725.2515,173.6491247522982,True,0.05
NGC4010,12,0.10000000000123638,3.2790879619062,65744414.82715737,80628571.92810424,2.5338780812058883,1.3418021635118433,7.372327309292937,0.8191474788103263,9,48744479562.66802,40584074179.12504,70.90429237766367,True,0.05
NGC4013,36,0.835613608707255,0.02686931909759298,3832145.5797697795,1339729.4159185484,16.379187116978837,5.333541935350995,7.686000375336765,0.23290910228293227,33,767411780273.588,232367793431.82324,126.84673431835573,True,0.05
NGC4051,7,0.6253443691563958,0.15300765280209358,119558993.8113203,173180142.94168243,1.4728244527956158,1.0476863237056804,1.5237208315283104,0.3809302078820776,4,17407830079.21576,68749740950.78784,84.52353811640114,True,0.05
NGC4068,6,0.1000000000026014,7.045446470869242,26001446.09696566,58113707.482347,1.748966283731825,3.5658999386114623,0.1894909840097913,0.06316366133659711,3,6339445078.222067,924968350.6657337,20.1030955592418,True,0.05
NGC4085,7,0.10000000000000016,2.0451712245969187,182899292.86774686,304196580.432953,1.7520042831028033,1.422290344536167,2.580415554725137,0.6451038886812842,4,44825686187.956184,28909253373.19179,63.32369832727028,True,0.05
NGC4088,12,0.666536344237225,0.033788238830385516,2706212.3145373934,2116576.0643095807,28.460286426579206,52.4766449609361,2.395223939660213,0.2661359932955792,9,2843080096394.953,148988845881.97092,109.38016262903906,True,0.05
NGC4100,24,0.7943089955094212,0.06746149416031973,126210432.30909628,110949487.87941097,1.7475394945665614,0.7623693267809204,7.335361871016957,0.34930294623890273,21,30696275400.384212,143229157626.82297,107.95210751294869,True,0.05
NGC4138,7,0.7674231861084059,3.1672959638345297,191122201.29926926,17147892598.774952,1.276763049477032,58.49992509448041,2.9350887609401095,0.7337721902350274,4,18128066445.579407,94283886003.63826,93.90739733284943,True,0.05
NGC4157,17,0.711099595456564,0.046498165580673045,7668527.099463747,6452655.336832361,10.035009477516475,6.178571016162466,2.261089395753168,0.1615063854109406,14,353162633794.36505,234139176116.99713,127.16824409645852,True,0.05
NGC4183,23,0.7623123411653114,0.21226093290573653,97878057.77922706,60517828.05378717,1.3687582650311927,0.37868584932684607,1.3948636506007386,0.06974318253003693,20,11438656967.08964,56859099100.48558,79.33910630892558,True,0.05
NGC4214,14,1.1491497605084806,0.11029638782622234,40941240.33659989,33068405.608840894,2.190983407335975,1.4196186402035185,7.400595137070477,0.672781376097316,11,19624007034.51905,9246376696.870592,43.30564455542346,True,0.05
NGC4217,19,0.3238922007826067,0.4073939127112505,188890890.7415868,540744199.5463822,1.9778932621590024,2.9519257341651315,17.132443229088718,1.0707777018180449,16,66608399296.137085,142087755579.48688,107.6645833739609,True,0.05
NGC4389,6,0.18681784738230295,0.23355746609971975,39080634.10632112,31721884.457715668,4.011175196159503,3.3209164432101113,0.4029578457048813,0.1343192819016271,3,114943898926.76193,14173396895.745176,49.93196173574698,True,0.05
NGC4559,32,0.7504024241437605,0.1078890037563351,13533298.675336815,14620647.337275533,4.488066913778024,2.890306661728413,3.8946175750197165,0.13429715775930057,29,55755930230.84205,75622395229.65463,87.2510755142887,True,0.05
NGC5005,18,0.7265857058767385,0.0482643019904904,42779805.93391524,76020497.04015103,4.743440731335448,6.334851992032414,0.607183156991393,0.040478877132759536,15,208079202651.45966,180631514665.94644,116.63220527652594,True,0.05
NGC5033,22,0.6552264867333847,0.09595922157291449,251471786.69311777,473555482.16096723,1.6152578520695544,1.542796052258394,10.624651356226147,0.5591921766434814,19,48297458673.11657,415362837142.85455,153.94415064973168,True,0.05
NGC5055,28,0.6452285737161022,0.03909624375103409,30389740.53112884,29097297.37823114,4.125129691610277,2.0996625463458636,2.6551259032984382,0.10620503613193753,25,97218573122.41988,399931367449.97345,152.01360863271958,True,0.05
NGC5371,19,0.8302751375659384,0.019359198933064103,556773.8547060416,583357.1082418935,49.99999999999968,94.08439435288838,18.255354713282888,1.1409596695801805,16,3171745085693.1357,425484054776.32684,155.1845242751114,True,0.05
NGC5585,24,0.7900255593548072,0.030477643790314587,16576176.841677539,4110466.3458047216,3.746909151617528,0.72064372008109,30.299044440010704,1.4428116400005098,21,39738666579.99614,23072600001.163994,58.73804555674667,True,0.05
NGC5907,19,1.0314604096102744,0.02901636146752471,941902.0152045728,478138.8284020681,47.926557904227195,38.28974764017336,8.73403533429974,0.5458772083937338,16,4725457618447.13,557859914343.0502,169.84875378222665,True,0.05
NGC5985,33,0.7708319603557339,0.16733247290652054,1078677289.3164089,515104322.2002026,1.0464266020046589,0.2893088070291717,9.548411111104455,0.3182803703701485,30,56328382375.19944,671732180873.791,180.69773035382843,True,0.05
NGC6015,44,1.0289529262673949,0.01784780145332868,4742817.882870105,1393890.9332656742,11.82515361812888,2.8983861803698483,49.83550933491197,1.2155002276807798,41,357409631671.75806,171772991651.6494,114.69353521780394,True,0.05
NGC6195,23,0.8131480182315656,0.017262593733836314,1372822.0085753263,1037746.1133079203,49.999999999999986,93.22468991016078,8.69269485173473,0.4346347425867365,20,7820484784669.258,512326755968.03546,165.09591409475212,True,0.05
NGC6503,31,0.4614838162666558,0.09294627622256467,923686530.0209349,748675322.7766995,0.5016097507290574,0.20268720065706802,3.0568591691340417,0.1091735417547872,28,5312903773.6060705,72675354986.76869,86.10261999544312,True,0.05
NGC6674,15,1.1622665827793242,0.041335362505915525,1056095.5490669708,534494.9665995298,42.351969828584444,21.32209655792508,0.8332721249715624,0.06943934374763021,12,3656229811314.197,1007063360847.74,206.81065558807742,True,0.05
NGC6946,58,0.7291974260920712,0.027284662681918405,29455694.518974286,18408217.15314641,3.6312724846138726,1.3218027263857837,11.938778642566831,0.2170687025921242,55,64276942934.100494,118488433324.73912,101.33962631058691,True,0.05
NGC7331,36,0.6248791293403569,0.029436428364212435,25515949.572770275,16384937.36626292,6.158384458441534,2.3140612452283875,3.2999313347822943,0.0999979192358271,33,271594867044.04874,460018282000.13605,159.27428958753464,True,0.05
NGC7793,46,0.880081861901168,0.051908944303405646,28944856.28346809,25474714.097092595,2.391567781618447,1.3962731018419983,25.413560164550695,0.5910130270825743,43,18043837585.50922,18127370425.635456,54.199953747489005,True,0.05
NGC7814,18,0.7562042966780685,0.05378368979854968,155339209.77554786,144491202.36691597,2.229870034267187,1.1355482037821316,0.49313621315736333,0.032875747543824226,15,78492683152.05702,204785383976.20374,121.61494984161506,True,0.05
UGC00128,22,0.7422297068289456,0.4812465540972589,39041540.16327976,27875192.068251885,2.766129323818472,0.9351171723203082,2.295515577764544,0.12081660935602864,19,37657701909.3908,208155699693.34067,122.27849416217293,True,0.05
UGC00191,9,0.6606406685954388,0.974804063292858,115154129.99018747,135201018.24449286,1.0133496053151538,0.475617456955151,4.08541862125838,0.6809031035430633,6,5460933096.992055,16288621097.69392,52.301653570735056,True,0.05
UGC00731,12,2.0310705777055276,2.1019722438508013,50198893.728447974,56870161.80494141,1.245503955648985,0.45845533694913887,0.5661105878773216,0.06290117643081351,9,4420169354.808797,13864896866.04218,49.56702581394256,True,0.05
UGC00891,5,0.1000000000000149,6.051602484232977,15124038.673416087,10991565.266401516,2.895569132808509,1.4698932618355562,0.04920913323982433,0.024604566619912165,2,16733200837.20545,7015056814.074688,39.49702428323923,True,0.05
UGC01230,11,1.3395600631551046,0.9284008573787383,22385922.424631555,92537041.12957291,2.63327929226777,5.227414436225093,4.2550494358138105,0.5318811794767263,8,18628384592.967514,91748140920.3711,93.05786200120242,True,0.05
UGC01281,25,0.10000000000000002,23.897117339728442,28667154.169483114,68136360.65053314,1.9838193172109961,2.8652882754058133,4.452789721041383,0.20239953277460832,22,10200004325.762531,4210427619.5570664,33.31675649943467,True,0.05
UGC02023,5,0.531284564117408,1.289764446707651,10300071.275667727,29357073.643656373,49.99999999776625,17392.433355325942,0.03565168147907573,0.017825840739537864,2,58675888191191.28,2987223957.642538,29.71505743278478,True,0.05
UGC02259,8,0.4573068967315918,1.1492390816178994,394533947.7557507,190018405.99532098,0.6041905549666797,0.1317525484727537,0.44637472163435493,0.08927494432687098,5,3965661153.496503,14792545656.982365,50.64869798952186,True,0.05
UGC02455,8,0.2810966070481449,0.0754004671058757,7154975.0967922695,5498694.014984253,49.9999999998358,5395.5664753661395,2.788099111392958,0.5576198222785915,5,40759379969927.055,3099096507.9384737,30.0814670740191,True,0.05
UGC02487,17,1.0730047194034866,0.10197538435742626,9769897.843880897,16135254.804100802,13.455526610362064,12.674941514986335,2.667727170438724,0.19055194074562315,14,1084679795209.0276,1990755473029.683,259.55333822242403,True,0.05
UGC02885,19,0.9574911778029326,0.03320162782074601,2312125.7915548147,1094103.8640323759,30.151328585027343,11.51396415758644,6.3048877668218894,0.3940554854263681,16,2888286354482.0273,1555697934832.6375,239.07219621187338,True,0.05
UGC02916,43,0.7237947067744901,0.035544269647512984,62293379.92490002,48950368.99848164,3.0353319645266286,1.3212250311402947,44.269460765972696,1.1067365191493175,40,79390751174.28308,356610361247.4494,146.31380296012276,True,0.05
UGC02953,115,0.8220995073741189,0.011964820082654063,37068930.82637095,11550030.466678604,5.590813721368366,0.9667860689249864,71.08992735705128,0.6347314942593865,112,295219171044.78455,979563679541.1649,204.91081031535808,True,0.05
UGC03205,48,0.9892078212600652,0.015580075925056763,3549576.3486943943,1129395.734661144,19.568154675187337,6.063808309680162,43.456521678985574,0.9657004817552349,45,1212091955889.8237,442743160182.91003,157.25504949683645,True,0.05
UGC03546,30,0.6962343874988873,0.027548256306276463,45033744.1096809,32672037.321485102,3.738250394698295,1.591485360993488,2.4745482674464028,0.09164993583134826,27,107214283761.75798,244067244325.38434,128.94083510904665,True,0.05
UGC03580,47,0.5114105678028524,0.026160656355354313,48169669.05454099,11621594.504214713,2.4242065563082313,0.34083711395069005,25.70736169501307,0.5842582203412061,44,31274613861.64092,94700569670.00142,94.04553396609295,True,0.05
UGC04278,25,1.07921984740402,0.11818433956597407,9399771.436889425,2881338.0911001037,13.210468880773874,18.823567236342477,5.97043642776241,0.27138347398920043,22,987600770217.8604,14671822605.534658,50.510538881616505,True,0.05
UGC04305,22,0.8766447587619698,0.12660072594972116,10000.000057402222,8637492410.584967,0.050000000005892754,25533.801812023696,27.44544214632486,1.4444969550697295,19,56.96648788754124,1664985615.080091,24.454426070462347,True,0.05
UGC04325,8,1.2186815539756162,0.6063564190844419,230649222.7148358,117811209.99902727,0.6828690642462922,0.2330267320468299,3.024229005566504,0.6048458011133009,5,3347138939.2973385,11320692992.010181,46.32815273511802,True,0.05
UGC04483,8,0.10000000000027118,64.85670216443023,176123883.80537555,2167701226.575063,0.25793112112207806,1.6834744795939844,1.128128973710071,0.22562579474201422,5,137733289.74622092,169610992.60167938,11.421031026629024,True,0.05
UGC04499,9,0.10000000000000024,6.9496979947065505,65793664.173806556,117615755.28053866,1.3029197967195232,1.1136780346425423,0.6260742988469097,0.10434571647448494,6,6632031063.32327,10897650221.936848,45.74373276778455,True,0.05
UGC05005,11,0.6922664009324889,0.8626299445821164,6108141.532689187,9780763.021387141,6.120402721144812,5.8866678974406215,0.23463647199193904,0.02932955899899238,8,63820252732.790016,70581514717.89687,85.26765202914785,True,0.05
UGC05253,73,0.8357694480613075,0.011337769609074,23521071.04713038,8221976.950856093,5.8107725511672115,1.1877458903467173,28.955245088758595,0.4136463584108371,70,210313984885.5218,601443989723.2189,174.16158797333642,True,0.05
UGC05414,6,0.8353483222095338,0.46455836685686636,18667758.091757,28417946.91897946,2.5035553511313977,2.9592861535569877,0.18135537945676514,0.060451793152255046,3,13349751660.111637,3581269435.0404205,31.5669758607546,True,0.05
UGC05716,12,1.4823929714522368,0.23346674078199287,12629225.138577715,8234759.904045307,3.1053064732680586,1.3039683483005289,2.1962581655515536,0.24402868506128372,9,17234533823.261875,16209532102.519375,52.216866401682125,True,0.05
UGC05721,23,0.8165508123045002,0.5772944817839378,519643011.262472,913262005.1542706,0.4859250988749341,0.44597390191180064,10.27904176469825,0.5139520882349126,20,2717205689.614617,10576507246.386768,45.28990432076254,True,0.05
UGC05750,11,0.8175019493219955,0.7747319485734835,6629078.080457683,6196054.169584166,4.609607915713408,2.2260132298897886,1.3780253166966907,0.17225316458708634,8,29590651278.725437,39016212453.346245,69.97920675325355,True,0.05
UGC05764,10,0.2373362326457002,9.749158469704271,241523752.45858946,137915583.44281393,0.509922822031743,0.10895161726379018,8.88407124308225,1.2691530347260358,7,1459427837.3363369,2611291971.165904,28.412260676574228,True,0.05
UGC05829,11,0.10000000000000002,34.49048032153149,28737668.626468606,70019850.54621163,1.709842626100728,1.5348947881904456,0.934899055181827,0.11686238189772838,8,6546804636.887395,6826602446.207025,39.14012275890625,True,0.05
UGC05918,8,0.10000000000000112,33.33840268107744,65213572.98567535,79755623.02140833,0.8070870188194769,0.25048295459742004,0.0682313067754396,0.01364626135508792,5,1562458573.1616156,2038473259.588017,26.16107900604735,True,0.05
UGC05986,15,0.8056812923910337,0.26992806837231365,64005026.718157046,49660048.781387486,2.2006393532176984,0.9313449375907566,7.800874106016242,0.6500728421680202,12,31086379007.84599,30195197893.81649,64.24903456989747,True,0.05
UGC05999,5,0.10000000000000009,16.335408308351123,14730044.725354008,43445077.48459827,4.059079604459418,6.58587160896485,1.7073532120675565,0.8536766060337783,2,44894816474.23189,41413230256.70279,71.38391263421533,True,0.05
UGC06399,9,0.8220820519147141,2.0520056732857928,35799331.89312705,114900170.34134497,2.225667077753114,3.215133518904562,0.38094921734193354,0.0634915362236556,6,17987257679.316,14328701614.218616,50.11367579742803,True,0.05
UGC06446,17,1.5693953162581347,0.35752105443047816,26135063.835990254,35051318.52963358,2.184934949929479,1.7167351689331158,1.6655311440054175,0.11896651028610125,14,12423630594.32429,16700117673.761822,52.73842509979963,True,0.05
UGC06614,13,0.7552359785175653,0.07472845040531494,5197638.035466469,3849187.2503904905,13.592882641025462,6.580847054241387,1.0939681678477653,0.10939681678477653,10,594908484885.9468,684536109389.4042,181.8386088436889,True,0.05
UGC06667,9,0.10000000000000002,56.20431762676639,57194236.33144553,32165109.398761235,1.8245478424761437,0.44277733581451056,0.65983157681778,0.10997192946963001,6,15831696736.036037,14024288329.30158,49.756244136862016,True,0.05
UGC06786,45,0.8464646864266049,0.041813929876779794,77686326.98311275,33732904.820319176,3.3444997817649766,0.7947410458316454,10.901004453493528,0.25954772508317925,42,132448649280.17068,379637864023.4894,149.39766847030873,True,0.05
UGC06787,71,0.7784449128230232,0.015454440124025,78299298.1620466,16395953.216553578,3.7543533507219427,0.45888183155419415,43.539271063161195,0.6402833979876646,68,188830756726.3417,511168665734.2118,164.97142309505182,True,0.05
UGC06818,8,0.475298194470808,0.30297676411950863,10717652.425339838,6443601.214531101,5.769239431312808,4.522014022692928,3.9905667351506864,0.7981133470301373,5,93791782047.30635,9681252252.555971,43.9741875975858,True,0.05
UGC06917,11,0.411341764003616,1.9717739470871491,87388288.92458053,199141402.8013226,1.694249329045056,1.67716032312489,0.9014697774834214,0.11268372218542767,8,19368439539.32856,30271316303.293545,64.30297725977604,True,0.05
UGC06923,6,0.5398167803489676,0.5628067289308979,56079018.598866574,98626752.01351029,1.72338833212774,1.8243009418633864,1.169279213703997,0.3897597379013323,3,13081552215.67396,8377346570.7626505,41.90406360562289,True,0.05
UGC06930,10,0.6274210905034204,0.8645266625024429,75753135.35030825,134061894.3403478,1.6197388154163057,1.2119744727941972,0.8746782535620388,0.1249540362231484,7,14670503225.892254,45758647411.23611,73.7980759221737,True,0.05
UGC06973,9,0.4025944474607981,0.10308038472689574,274471210.0636042,471673955.81641275,1.5249523822463174,1.5177826531149798,0.4983277607025129,0.08305462678375215,6,44358318467.99477,57001144331.37896,79.40511960716398,True,0.05
UGC06983,17,0.7808643599730479,1.3841654012185378,79084530.39126629,310088923.2932641,1.6643796545543488,3.195738634083732,4.75988332990321,0.33999166642165785,14,16617212148.612339,45868723694.715225,73.85720436543359,True,0.05
UGC07089,12,0.9156492172226297,0.18831605001085217,3779691.010421747,4469798.123487112,9.638414560569549,17.643144974058558,0.9039385856974088,0.10043762063304543,9,154234856209.07248,13279027615.872822,48.858793386619844,True,0.05
UGC07125,13,0.7233441291290995,1.335971102050078,9862765.745606236,51752255.961847425,2.5109559222686926,6.6070192985417355,2.0285770133498633,0.20285770133498632,10,7115827555.117319,18488834677.381706,54.557838907893725,True,0.05
UGC07151,11,0.8665775160104009,0.9644949910931324,62292211.20927176,268451984.50693893,1.1888910081541504,2.377088712715718,3.9200404853832613,0.49000506067290767,8,4770559359.061693,7521223035.100025,40.42500993019419,True,0.05
UGC07261,7,0.4778123853047263,0.540653667974445,288719537.11143285,223907274.794618,0.5900775999946303,0.23227639849140366,0.06039929214644851,0.015099823036612128,4,2703416674.135092,9114167181.093725,43.09825068713668,True,0.05
UGC07323,10,0.9122851685859084,0.17682167786611544,8186904.168254858,10273128.158661444,6.956994714307972,13.764289854041271,1.121671215548158,0.1602387450783083,7,125630230434.13698,10136164267.406885,44.65243971578171,True,0.05
UGC07399,10,0.10000000000000002,37.36815699588691,486348096.38104266,2313276309.3946824,0.6695978782158445,1.4744948945921805,0.5189337669121099,0.07413339527315856,7,6654246061.012207,15059192105.717974,50.951214116078695,True,0.05
UGC07524,31,0.8720888826390413,0.2163486861590842,26264081.375852525,7992572.057843652,2.1284333477914474,0.3103233508219098,4.391284278733308,0.15683158138333245,28,11541222371.4066,17354556261.109997,53.418515808622686,True,0.05
UGC07559,7,0.1009396411637519,39.842007542855164,35118309.669974916,367615327.5632988,0.8785593883056705,5.07179209523586,0.3405145120289267,0.08512862800723167,4,1085316499.5777965,652355966.556042,17.8943334428937,True,0.05
UGC07577,9,0.5337409792385878,1.75535395583965,3273172.2068277844,22546266.281729925,49.99999999999756,207890.6351392319,0.2920562787914975,0.04867604646524958,6,18646112373780.992,114589236.2338444,10.021558231804741,True,0.05
UGC07603,12,0.4680749003989731,2.576050821930422,163915481.4191708,503913501.5083536,0.7623119500217852,1.2673204143239296,1.6683143272934138,0.1853682585881571,9,3309234828.4458227,4027666757.5912576,32.82755137112844,True,0.05
UGC07608,8,0.10000000000000075,33.73075905136025,46357117.27920672,78600571.81140673,1.7432381039367044,1.689432309437933,0.32613432189296054,0.06522686437859211,5,11191697974.367546,5343130972.785581,36.07053518461774,True,0.05
UGC07690,7,0.9184297325552025,3.214970390870307,142894397.42573246,5106086694.436646,0.5518671209828171,10.067433164913169,0.9264592390058277,0.23161480975145693,4,1094531317.4353366,3092498190.295255,30.060102986321926,True,0.05
UGC07866,7,0.10000000000046323,13.289121191236394,89047996.12041457,190650311.1622839,0.4859685456133798,0.3837045049904322,0.1451483816839973,0.036287095420999324,4,465755574.3447481,550263048.3362266,16.90742343259458,True,0.05
UGC08286,17,0.9369514837628049,0.33135061691029044,135186170.17792502,67503877.64824456,0.9764257990632764,0.21830526326473293,5.607449072692751,0.4005320766209108,14,5735343470.457115,13257648441.950924,48.83255849068986,True,0.05
UGC08490,30,1.148687043153481,0.25577678775651835,101173471.78808913,136328154.05523324,1.056498816865633,0.7660980862095841,2.5998814168538393,0.09629190432791998,27,5437297897.178523,14772371165.146229,50.62566213877798,True,0.05
UGC08550,11,1.3513812305990964,0.17819385164520682,23262575.10605687,19181895.639229298,1.8965597623888801,1.1366339418747318,1.1495974848249153,0.1436996856031144,8,7232139832.182217,4338794909.303202,33.651959177474595,True,0.05
UGC08699,41,0.5191769993564317,0.08136560232439566,39445404536.69119,84585264747.6108,0.11196171339431239,0.11776345040604337,9.437871415268486,0.24836503724390752,38,2522983741.364896,179953322897.89914,116.48605469545731,True,0.05
UGC08837,8,0.10000000000005009,2.45918800960804,10035869.156325473,7135338.579278321,3.9182312969169995,3.382290679160893,1.160394607027937,0.2320789214055874,5,27512789640.092022,2431261302.9540987,27.74370930497249,True,0.05
UGC09037,22,0.10000000000810572,1.4207893948827939,58615313.77091657,87312752.90222366,2.8552016207002726,2.0609884639959715,4.83056961454904,0.2542405060288968,19,62177158077.21752,172211738505.61954,114.79110322287018,True,0.05
UGC09133,68,0.8080238056464721,0.019882204641522995,31595564.759960134,17395372.657879226,5.09384569659217,1.471542158890721,26.254049613100566,0.40390845558616256,65,190314950967.1945,1289315895836.1316,224.56414976969472,True,0.05
UGC09992,5,0.8278154556176723,2.841722054315493,3486058652.5006866,74915684122.91087,0.052505425695626856,0.6331199361186806,0.01955814638431944,0.00977907319215972,2,22996231.44765994,1039848328.7529496,20.90309746186893,True,0.05
UGC10310,7,1.333487873565142,0.8657262061098151,16205879.872339357,84801453.31997333,1.86195401688451,4.32602193038513,0.25140756461334135,0.06285189115333534,4,4767480208.818942,9449883799.836388,43.62105203600911,True,0.05
UGC11455,36,0.47510122882549016,0.06357226633396468,88072923.17735358,24628418.006718386,3.9873195092242013,0.5042842768503573,26.47290611253179,0.802209276137327,33,254445604751.9622,750642648709.816,187.51314791635156,True,0.05
UGC11557,12,0.1000000000000071,1.6247699388971115,28246348.461316764,37839437.85060095,2.5654823146102674,1.6709331131026384,3.9832177466070293,0.4425797496230033,9,21735959556.90419,19568655829.431107,55.59993848712156,True,0.05
UGC11820,10,1.5394979199470087,0.12537998085172838,4027693.2101796106,1663785.7464859306,6.914657873091103,2.4685019965854096,2.0067232854765082,0.2866747550680726,7,60684517395.82614,26021548059.81213,61.140880582594455,True,0.05
UGC11914,65,0.9286707764574633,0.011793902748164428,10559642.166697446,8389108.460658295,49.99999999999999,1133.6193323507282,16.84014023951541,0.27161516515347434,62,60154572392024.77,172322536077.50418,114.81571604150578,True,0.05
UGC12506,31,0.856440674554318,0.14411719745977436,931110204.1139818,614725286.7808164,0.8829036608159767,0.3051662730777958,3.798749063923526,0.13566960942584022,28,29204546598.960133,638280884354.9116,177.64701950854723,True,0.05
UGC12632,15,1.3409138973029464,1.0644562470478338,20636710.2973941,50447996.83232892,1.9580448305756324,2.0471945201423267,0.6415093127152648,0.053459109392938735,12,7060212778.848218,13523875335.08234,49.157263561806296,True,0.05
UGC12732,16,1.5903973474512256,0.1423184430811521,4740591.466318164,2682648.037447209,6.987429452094161,3.2818386252550673,0.7698288755934524,0.059217605814880954,13,73704544761.0468,32964808363.70737,66.15624261601495,True,0.05
UGCA281,7,0.6473128168945952,1.0191587863130136,188201187.27794653,273354148.76708144,0.3306526526021449,0.19759373590128376,0.48755058824666214,0.12188764706166554,4,310061484.19829005,224723410.06974766,12.54402039892025,True,0.05
UGCA442,8,1.7817942467901335,0.96489019830705,13960278.793579848,16605998.50141913,2.6538750686775243,2.200276118928628,2.660813182024915,0.532162636404983,5,11891727385.129816,4912120335.261489,35.0733281518589,True,0.05
UGCA444,36,2.9999999999999996,0.9069501906493083,18886824.938387178,14385885.519873708,1.309632858630574,0.7547207558593222,2.940360055911432,0.089101819876104,33,1933379338.8527646,743523274.3024424,18.69184489788979,True,0.05
